/home/labaccount/11-2-17/mlsa/IG/example/BucketSort/BucketSort.cpp,MEMBER,Node,0
/home/labaccount/11-2-17/mlsa/IG/example/BucketSort/BucketSort.cpp,MEMBER,Node,3
/home/labaccount/11-2-17/mlsa/IG/example/BucketSort/BucketSort.cpp,MEMBER,Bucket,0
/home/labaccount/11-2-17/mlsa/IG/example/BucketSort/BucketSort.cpp,MEMBER,Bucket,3
/home/labaccount/11-2-17/mlsa/IG/example/BucketSort/BucketSort.cpp,MEMBER,~Bucket,0
/home/labaccount/11-2-17/mlsa/IG/example/BucketSort/BucketSort.cpp,MEMBER,BucketList,0
/home/labaccount/11-2-17/mlsa/IG/example/BucketSort/BucketSort.cpp,MEMBER,BucketList,3
/home/labaccount/11-2-17/mlsa/IG/example/BucketSort/BucketSort.cpp,GLOBAL,newNode,1
/home/labaccount/11-2-17/mlsa/IG/example/BucketSort/BucketSort.cpp,GLOBAL,createBucket,1
/home/labaccount/11-2-17/mlsa/IG/example/BucketSort/BucketSort.cpp,GLOBAL,addNode,4
/home/labaccount/11-2-17/mlsa/IG/example/BucketSort/BucketSort.cpp,GLOBAL,printBuckets,2
/home/labaccount/11-2-17/mlsa/IG/example/BucketSort/BucketSort.cpp,GLOBAL,main,0
