/home/labaccount/11-2-17/mlsa/IG/example/LeftListHeap/LeftListHeap.cpp,1,/home/labaccount/11-2-17/mlsa/IG/example/LeftListHeap/LeftListHeap.cpp,0x2d7a0b8,MEMBER,LeftistHeap::~LeftistHeap,LeftistHeap::makeEmpty
/home/labaccount/11-2-17/mlsa/IG/example/LeftListHeap/LeftListHeap.cpp,1,/home/labaccount/11-2-17/mlsa/IG/example/LeftListHeap/LeftListHeap.cpp,0x2d7a540,MEMBER,LeftistHeap::Merge,LeftistHeap::Merge,rhs.root.root
/home/labaccount/11-2-17/mlsa/IG/example/LeftListHeap/LeftListHeap.cpp,1,/home/labaccount/11-2-17/mlsa/IG/example/LeftListHeap/LeftListHeap.cpp,0x2d7acf8,MEMBER,LeftistHeap::Merge,LeftistHeap::Merge1,h1,h2
/home/labaccount/11-2-17/mlsa/IG/example/LeftListHeap/LeftListHeap.cpp,1,/home/labaccount/11-2-17/mlsa/IG/example/LeftListHeap/LeftListHeap.cpp,0x2d7ae18,MEMBER,LeftistHeap::Merge,LeftistHeap::Merge1,h2,h1
/home/labaccount/11-2-17/mlsa/IG/example/LeftListHeap/LeftListHeap.cpp,1,/home/labaccount/11-2-17/mlsa/IG/example/LeftListHeap/LeftListHeap.cpp,0x2d7b4c8,MEMBER,LeftistHeap::Merge1,LeftistHeap::Merge,h1.right,h2
/home/labaccount/11-2-17/mlsa/IG/example/LeftListHeap/LeftListHeap.cpp,1,/home/labaccount/11-2-17/mlsa/IG/example/LeftListHeap/LeftListHeap.cpp,0x2d7b7b8,MEMBER,LeftistHeap::Merge1,LeftistHeap::swapChildren,h1
/home/labaccount/11-2-17/mlsa/IG/example/LeftListHeap/LeftListHeap.cpp,1,/home/labaccount/11-2-17/mlsa/IG/example/LeftListHeap/LeftListHeap.cpp,0x2d7c6f0,MEMBER,LeftistHeap::Insert,LeftistHeap::Merge,x
/home/labaccount/11-2-17/mlsa/IG/example/LeftListHeap/LeftListHeap.cpp,1,/home/labaccount/11-2-17/mlsa/IG/example/LeftListHeap/LeftListHeap.cpp,0x2d7cdf0,MEMBER,LeftistHeap::deleteMin,LeftistHeap::Merge
/home/labaccount/11-2-17/mlsa/IG/example/LeftListHeap/LeftListHeap.cpp,1,/home/labaccount/11-2-17/mlsa/IG/example/LeftListHeap/LeftListHeap.cpp,0x2d7d210,MEMBER,LeftistHeap::deleteMin,LeftistHeap::isEmpty
/home/labaccount/11-2-17/mlsa/IG/example/LeftListHeap/LeftListHeap.cpp,1,/home/labaccount/11-2-17/mlsa/IG/example/LeftListHeap/LeftListHeap.cpp,0x2d7e2a0,MEMBER,LeftistHeap::deleteMin,LeftistHeap::findMin
/home/labaccount/11-2-17/mlsa/IG/example/LeftListHeap/LeftListHeap.cpp,1,/home/labaccount/11-2-17/mlsa/IG/example/LeftListHeap/LeftListHeap.cpp,0x2d7e3e0,MEMBER,LeftistHeap::deleteMin,LeftistHeap::deleteMin
/home/labaccount/11-2-17/mlsa/IG/example/LeftListHeap/LeftListHeap.cpp,1,/home/labaccount/11-2-17/mlsa/IG/example/LeftListHeap/LeftListHeap.cpp,0x2d7e968,MEMBER,LeftistHeap::makeEmpty,LeftistHeap::reclaimMemory
/home/labaccount/11-2-17/mlsa/IG/example/LeftListHeap/LeftListHeap.cpp,1,/home/labaccount/11-2-17/mlsa/IG/example/LeftListHeap/LeftListHeap.cpp,0x2d7ecf0,MEMBER,LeftistHeap::operator,LeftistHeap::makeEmpty
/home/labaccount/11-2-17/mlsa/IG/example/LeftListHeap/LeftListHeap.cpp,1,/home/labaccount/11-2-17/mlsa/IG/example/LeftListHeap/LeftListHeap.cpp,0x2d7ee18,MEMBER,LeftistHeap::operator,LeftistHeap::clone,rhs.root
/home/labaccount/11-2-17/mlsa/IG/example/LeftListHeap/LeftListHeap.cpp,1,/home/labaccount/11-2-17/mlsa/IG/example/LeftListHeap/LeftListHeap.cpp,0x2d7f250,MEMBER,LeftistHeap::reclaimMemory,LeftistHeap::reclaimMemory,t.left
/home/labaccount/11-2-17/mlsa/IG/example/LeftListHeap/LeftListHeap.cpp,1,/home/labaccount/11-2-17/mlsa/IG/example/LeftListHeap/LeftListHeap.cpp,0x2d7f360,MEMBER,LeftistHeap::reclaimMemory,LeftistHeap::reclaimMemory,t.right
/home/labaccount/11-2-17/mlsa/IG/example/LeftListHeap/LeftListHeap.cpp,1,/home/labaccount/11-2-17/mlsa/IG/example/LeftListHeap/LeftListHeap.cpp,0x2d7f848,MEMBER,LeftistHeap::clone,LeftistHeap::clone,t.left
/home/labaccount/11-2-17/mlsa/IG/example/LeftListHeap/LeftListHeap.cpp,1,/home/labaccount/11-2-17/mlsa/IG/example/LeftListHeap/LeftListHeap.cpp,0x2d7f958,MEMBER,LeftistHeap::clone,LeftistHeap::clone,t.right
/home/labaccount/11-2-17/mlsa/IG/example/LeftListHeap/LeftListHeap.cpp,1,/home/labaccount/11-2-17/mlsa/IG/example/LeftListHeap/LeftListHeap.cpp,0x2d80158,MEMBER,/home/labaccount/11-2-17/mlsa/IG/example/LeftListHeap/LeftListHeap.cpp,LeftistHeap::Insert,i
/home/labaccount/11-2-17/mlsa/IG/example/LeftListHeap/LeftListHeap.cpp,1,/home/labaccount/11-2-17/mlsa/IG/example/LeftListHeap/LeftListHeap.cpp,0x2d81a48,MEMBER,/home/labaccount/11-2-17/mlsa/IG/example/LeftListHeap/LeftListHeap.cpp,LeftistHeap::Insert,i
/home/labaccount/11-2-17/mlsa/IG/example/LeftListHeap/LeftListHeap.cpp,1,/home/labaccount/11-2-17/mlsa/IG/example/LeftListHeap/LeftListHeap.cpp,0x2d83370,MEMBER,/home/labaccount/11-2-17/mlsa/IG/example/LeftListHeap/LeftListHeap.cpp,LeftistHeap::Merge,h1
/home/labaccount/11-2-17/mlsa/IG/example/LeftListHeap/LeftListHeap.cpp,1,/home/labaccount/11-2-17/mlsa/IG/example/LeftListHeap/LeftListHeap.cpp,0x2d83770,MEMBER,/home/labaccount/11-2-17/mlsa/IG/example/LeftListHeap/LeftListHeap.cpp,LeftistHeap::deleteMin,x
/home/labaccount/11-2-17/mlsa/IG/example/LeftListHeap/LeftListHeap.cpp,1,/home/labaccount/11-2-17/mlsa/IG/example/LeftListHeap/LeftListHeap.cpp,0x2d84fc0,MEMBER,/home/labaccount/11-2-17/mlsa/IG/example/LeftListHeap/LeftListHeap.cpp,LeftistHeap::isEmpty
