0x1dc1050,GLOBAL,/home/labaccount/11-2-17/mlsa/IG/example/V3-8/Summation.c,printf,<< \n OPERATIONS --- >>
0x1dc1178,GLOBAL,/home/labaccount/11-2-17/mlsa/IG/example/V3-8/Summation.c,printf,<< \n 1] Insert an element into tree >>
0x1dc12b0,GLOBAL,/home/labaccount/11-2-17/mlsa/IG/example/V3-8/Summation.c,printf,<< \n 2] Display the sum of the elements at the same level >>
0x1dc13c8,GLOBAL,/home/labaccount/11-2-17/mlsa/IG/example/V3-8/Summation.c,printf,<< \n 3] Exit  >>
0x1dc1500,GLOBAL,/home/labaccount/11-2-17/mlsa/IG/example/V3-8/Summation.c,printf,<< \nEnter your choice :  >>
0x1dc1680,GLOBAL,/home/labaccount/11-2-17/mlsa/IG/example/V3-8/Summation.c,scanf,<< %d >>,UNOP
0x1dc1810,GLOBAL,/home/labaccount/11-2-17/mlsa/IG/example/V3-8/Summation.c,insert
0x1dc1a40,GLOBAL,/home/labaccount/11-2-17/mlsa/IG/example/V3-8/Summation.c,btnode::computesum,root
0x1dc1ac8,GLOBAL,/home/labaccount/11-2-17/mlsa/IG/example/V3-8/Summation.c,display
0x1dc1be0,GLOBAL,/home/labaccount/11-2-17/mlsa/IG/example/V3-8/Summation.c,exit,0
0x1dc1ce8,GLOBAL,/home/labaccount/11-2-17/mlsa/IG/example/V3-8/Summation.c,printf,<< Wrong choice Please enter correct choice   >>
0x1dc20a8,GLOBAL,create,printf,<< Enter the data of node :  >>
0x1dc21c0,GLOBAL,create,scanf,<< %d >>,UNOP
0x1dc2380,GLOBAL,create,malloc,BINOP
0x1dc2828,GLOBAL,insert,create
0x1dc2a40,GLOBAL,insert,btnode::add,root
0x1dc4500,GLOBAL,computesum,printf,<< Tree is empty  >>
0x1dc4818,GLOBAL,computesum,btnode::computesum,t.l
0x1dc4eb0,GLOBAL,computesum,btnode::computesum,t.r
0x1dc51f8,GLOBAL,display,printf,<< Sum of nodes : \n Level \t Sum  >>
0x1dc5568,GLOBAL,display,printf,<< \n %d \t: %d  >>,i,sum[]
