/home/labaccount/11-2-17/mlsa/IG/example/V3-8/Binary.c,GLOBAL,binary1
/home/labaccount/11-2-17/mlsa/IG/example/V3-8/Binary.c,GLOBAL,binary2
/home/labaccount/11-2-17/mlsa/IG/example/V3-8/Binary.c,GLOBAL,timediff
/home/labaccount/11-2-17/mlsa/IG/example/V3-8/Binary.c,GLOBAL,main
/home/labaccount/11-2-17/mlsa/IG/example/V3-8/Bubble.c,GLOBAL,getIntArray
/home/labaccount/11-2-17/mlsa/IG/example/V3-8/Bubble.c,GLOBAL,printIntArray
/home/labaccount/11-2-17/mlsa/IG/example/V3-8/Bubble.c,GLOBAL,bubbleSort
/home/labaccount/11-2-17/mlsa/IG/example/V3-8/Bubble.c,GLOBAL,main
/home/labaccount/11-2-17/mlsa/IG/example/V3-8/RPG.cpp,GLOBAL,main
/home/labaccount/11-2-17/mlsa/IG/example/V3-8/Stenciltst.c,GLOBAL,Key
/home/labaccount/11-2-17/mlsa/IG/example/V3-8/Stenciltst.c,GLOBAL,Draw
/home/labaccount/11-2-17/mlsa/IG/example/V3-8/Stenciltst.c,GLOBAL,Args
/home/labaccount/11-2-17/mlsa/IG/example/V3-8/Stenciltst.c,GLOBAL,main
/home/labaccount/11-2-17/mlsa/IG/example/V3-8/Summation.c,GLOBAL,create
/home/labaccount/11-2-17/mlsa/IG/example/V3-8/Summation.c,GLOBAL,insert
/home/labaccount/11-2-17/mlsa/IG/example/V3-8/Summation.c,GLOBAL,add
/home/labaccount/11-2-17/mlsa/IG/example/V3-8/Summation.c,GLOBAL,computesum
/home/labaccount/11-2-17/mlsa/IG/example/V3-8/Summation.c,GLOBAL,display
/home/labaccount/11-2-17/mlsa/IG/example/V3-8/Summation.c,GLOBAL,main
