/home/labaccount/11-2-17/mlsa/IG/example/Hanoi/Hanoi.cpp,1,/home/labaccount/11-2-17/mlsa/IG/example/Hanoi/Hanoi.cpp,0x3bcfbc0,GLOBAL,toh,pow,2,n
/home/labaccount/11-2-17/mlsa/IG/example/Hanoi/Hanoi.cpp,1,/home/labaccount/11-2-17/mlsa/IG/example/Hanoi/Hanoi.cpp,0x3bcfd98,GLOBAL,toh,display1
/home/labaccount/11-2-17/mlsa/IG/example/Hanoi/Hanoi.cpp,1,/home/labaccount/11-2-17/mlsa/IG/example/Hanoi/Hanoi.cpp,0x3bcfe58,GLOBAL,toh,display2
/home/labaccount/11-2-17/mlsa/IG/example/Hanoi/Hanoi.cpp,1,/home/labaccount/11-2-17/mlsa/IG/example/Hanoi/Hanoi.cpp,0x3bcff18,GLOBAL,toh,display3
/home/labaccount/11-2-17/mlsa/IG/example/Hanoi/Hanoi.cpp,1,/home/labaccount/11-2-17/mlsa/IG/example/Hanoi/Hanoi.cpp,0x3bd0000,GLOBAL,toh,top_of_stack
/home/labaccount/11-2-17/mlsa/IG/example/Hanoi/Hanoi.cpp,1,/home/labaccount/11-2-17/mlsa/IG/example/Hanoi/Hanoi.cpp,0x3bd0330,GLOBAL,toh,push3,0x3bd0298
/home/labaccount/11-2-17/mlsa/IG/example/Hanoi/Hanoi.cpp,1,/home/labaccount/11-2-17/mlsa/IG/example/Hanoi/Hanoi.cpp,0x3bd0298,GLOBAL,toh,pop1
/home/labaccount/11-2-17/mlsa/IG/example/Hanoi/Hanoi.cpp,1,/home/labaccount/11-2-17/mlsa/IG/example/Hanoi/Hanoi.cpp,0x3bd0560,GLOBAL,toh,push1,0x3bd04f8
/home/labaccount/11-2-17/mlsa/IG/example/Hanoi/Hanoi.cpp,1,/home/labaccount/11-2-17/mlsa/IG/example/Hanoi/Hanoi.cpp,0x3bd04f8,GLOBAL,toh,pop2
/home/labaccount/11-2-17/mlsa/IG/example/Hanoi/Hanoi.cpp,1,/home/labaccount/11-2-17/mlsa/IG/example/Hanoi/Hanoi.cpp,0x3bd0790,GLOBAL,toh,push2,0x3bd0728
/home/labaccount/11-2-17/mlsa/IG/example/Hanoi/Hanoi.cpp,1,/home/labaccount/11-2-17/mlsa/IG/example/Hanoi/Hanoi.cpp,0x3bd0728,GLOBAL,toh,pop3
/home/labaccount/11-2-17/mlsa/IG/example/Hanoi/Hanoi.cpp,1,/home/labaccount/11-2-17/mlsa/IG/example/Hanoi/Hanoi.cpp,0x3bd09d8,GLOBAL,toh,pop2
/home/labaccount/11-2-17/mlsa/IG/example/Hanoi/Hanoi.cpp,1,/home/labaccount/11-2-17/mlsa/IG/example/Hanoi/Hanoi.cpp,0x3bd0ae8,GLOBAL,toh,pop3
/home/labaccount/11-2-17/mlsa/IG/example/Hanoi/Hanoi.cpp,1,/home/labaccount/11-2-17/mlsa/IG/example/Hanoi/Hanoi.cpp,0x3bd0d50,GLOBAL,toh,push3,b
/home/labaccount/11-2-17/mlsa/IG/example/Hanoi/Hanoi.cpp,1,/home/labaccount/11-2-17/mlsa/IG/example/Hanoi/Hanoi.cpp,0x3bd0e58,GLOBAL,toh,push3,a
/home/labaccount/11-2-17/mlsa/IG/example/Hanoi/Hanoi.cpp,1,/home/labaccount/11-2-17/mlsa/IG/example/Hanoi/Hanoi.cpp,0x3bd10e0,GLOBAL,toh,push2,a
/home/labaccount/11-2-17/mlsa/IG/example/Hanoi/Hanoi.cpp,1,/home/labaccount/11-2-17/mlsa/IG/example/Hanoi/Hanoi.cpp,0x3bd11e8,GLOBAL,toh,push2,b
/home/labaccount/11-2-17/mlsa/IG/example/Hanoi/Hanoi.cpp,1,/home/labaccount/11-2-17/mlsa/IG/example/Hanoi/Hanoi.cpp,0x3bd13a0,GLOBAL,toh,push3,a
/home/labaccount/11-2-17/mlsa/IG/example/Hanoi/Hanoi.cpp,1,/home/labaccount/11-2-17/mlsa/IG/example/Hanoi/Hanoi.cpp,0x3bd1550,GLOBAL,toh,push2,b
/home/labaccount/11-2-17/mlsa/IG/example/Hanoi/Hanoi.cpp,1,/home/labaccount/11-2-17/mlsa/IG/example/Hanoi/Hanoi.cpp,0x3bd17f0,GLOBAL,toh,pop1
/home/labaccount/11-2-17/mlsa/IG/example/Hanoi/Hanoi.cpp,1,/home/labaccount/11-2-17/mlsa/IG/example/Hanoi/Hanoi.cpp,0x3bd1900,GLOBAL,toh,pop3
/home/labaccount/11-2-17/mlsa/IG/example/Hanoi/Hanoi.cpp,1,/home/labaccount/11-2-17/mlsa/IG/example/Hanoi/Hanoi.cpp,0x3bd1b68,GLOBAL,toh,push3,b
/home/labaccount/11-2-17/mlsa/IG/example/Hanoi/Hanoi.cpp,1,/home/labaccount/11-2-17/mlsa/IG/example/Hanoi/Hanoi.cpp,0x3bd1c70,GLOBAL,toh,push3,a
/home/labaccount/11-2-17/mlsa/IG/example/Hanoi/Hanoi.cpp,1,/home/labaccount/11-2-17/mlsa/IG/example/Hanoi/Hanoi.cpp,0x3bd1ef8,GLOBAL,toh,push1,a
/home/labaccount/11-2-17/mlsa/IG/example/Hanoi/Hanoi.cpp,1,/home/labaccount/11-2-17/mlsa/IG/example/Hanoi/Hanoi.cpp,0x3bd2000,GLOBAL,toh,push1,b
/home/labaccount/11-2-17/mlsa/IG/example/Hanoi/Hanoi.cpp,1,/home/labaccount/11-2-17/mlsa/IG/example/Hanoi/Hanoi.cpp,0x3bd21b8,GLOBAL,toh,push3,a
/home/labaccount/11-2-17/mlsa/IG/example/Hanoi/Hanoi.cpp,1,/home/labaccount/11-2-17/mlsa/IG/example/Hanoi/Hanoi.cpp,0x3bd2368,GLOBAL,toh,push1,b
/home/labaccount/11-2-17/mlsa/IG/example/Hanoi/Hanoi.cpp,1,/home/labaccount/11-2-17/mlsa/IG/example/Hanoi/Hanoi.cpp,0x3bd2608,GLOBAL,toh,pop1
/home/labaccount/11-2-17/mlsa/IG/example/Hanoi/Hanoi.cpp,1,/home/labaccount/11-2-17/mlsa/IG/example/Hanoi/Hanoi.cpp,0x3bd2718,GLOBAL,toh,pop2
/home/labaccount/11-2-17/mlsa/IG/example/Hanoi/Hanoi.cpp,1,/home/labaccount/11-2-17/mlsa/IG/example/Hanoi/Hanoi.cpp,0x3bd2980,GLOBAL,toh,push2,b
/home/labaccount/11-2-17/mlsa/IG/example/Hanoi/Hanoi.cpp,1,/home/labaccount/11-2-17/mlsa/IG/example/Hanoi/Hanoi.cpp,0x3bd2a88,GLOBAL,toh,push2,a
/home/labaccount/11-2-17/mlsa/IG/example/Hanoi/Hanoi.cpp,1,/home/labaccount/11-2-17/mlsa/IG/example/Hanoi/Hanoi.cpp,0x3bd2d10,GLOBAL,toh,push1,a
/home/labaccount/11-2-17/mlsa/IG/example/Hanoi/Hanoi.cpp,1,/home/labaccount/11-2-17/mlsa/IG/example/Hanoi/Hanoi.cpp,0x3bd2e18,GLOBAL,toh,push1,b
/home/labaccount/11-2-17/mlsa/IG/example/Hanoi/Hanoi.cpp,1,/home/labaccount/11-2-17/mlsa/IG/example/Hanoi/Hanoi.cpp,0x3bd2fd0,GLOBAL,toh,push2,a
/home/labaccount/11-2-17/mlsa/IG/example/Hanoi/Hanoi.cpp,1,/home/labaccount/11-2-17/mlsa/IG/example/Hanoi/Hanoi.cpp,0x3bd3180,GLOBAL,toh,push1,b
/home/labaccount/11-2-17/mlsa/IG/example/Hanoi/Hanoi.cpp,1,/home/labaccount/11-2-17/mlsa/IG/example/Hanoi/Hanoi.cpp,0x3bd4118,GLOBAL,/home/labaccount/11-2-17/mlsa/IG/example/Hanoi/Hanoi.cpp,push1,i
/home/labaccount/11-2-17/mlsa/IG/example/Hanoi/Hanoi.cpp,1,/home/labaccount/11-2-17/mlsa/IG/example/Hanoi/Hanoi.cpp,0x3bd4278,GLOBAL,/home/labaccount/11-2-17/mlsa/IG/example/Hanoi/Hanoi.cpp,toh,n
