/home/labaccount/11-2-17/mlsa/IG/example/Visitor/Visitor.cpp,1,/home/labaccount/11-2-17/mlsa/IG/example/Visitor/Visitor.cpp,0x231b340,MEMBER,Wheel::accept,CarElementVisitor::visit,UNOP
/home/labaccount/11-2-17/mlsa/IG/example/Visitor/Visitor.cpp,1,/home/labaccount/11-2-17/mlsa/IG/example/Visitor/Visitor.cpp,0x231bb08,MEMBER,Engine::accept,CarElementVisitor::visit,UNOP
/home/labaccount/11-2-17/mlsa/IG/example/Visitor/Visitor.cpp,1,/home/labaccount/11-2-17/mlsa/IG/example/Visitor/Visitor.cpp,0x231c2a8,MEMBER,Body::accept,CarElementVisitor::visit,UNOP
/home/labaccount/11-2-17/mlsa/IG/example/Visitor/Visitor.cpp,1,/home/labaccount/11-2-17/mlsa/IG/example/Visitor/Visitor.cpp,0x1c3d908,MEMBER,Car::Car,Car::push_back,<< front left >>
/home/labaccount/11-2-17/mlsa/IG/example/Visitor/Visitor.cpp,1,/home/labaccount/11-2-17/mlsa/IG/example/Visitor/Visitor.cpp,0x1c3dc00,MEMBER,Car::Car,Car::push_back,<< front right >>
/home/labaccount/11-2-17/mlsa/IG/example/Visitor/Visitor.cpp,1,/home/labaccount/11-2-17/mlsa/IG/example/Visitor/Visitor.cpp,0x231ffd0,MEMBER,Car::Car,Car::push_back,<< back left >>
/home/labaccount/11-2-17/mlsa/IG/example/Visitor/Visitor.cpp,1,/home/labaccount/11-2-17/mlsa/IG/example/Visitor/Visitor.cpp,0x2320298,MEMBER,Car::Car,Car::push_back,<< back right >>
/home/labaccount/11-2-17/mlsa/IG/example/Visitor/Visitor.cpp,1,/home/labaccount/11-2-17/mlsa/IG/example/Visitor/Visitor.cpp,0x2320858,MEMBER,Car::Car,Car::push_back
/home/labaccount/11-2-17/mlsa/IG/example/Visitor/Visitor.cpp,1,/home/labaccount/11-2-17/mlsa/IG/example/Visitor/Visitor.cpp,0x2320df8,MEMBER,Car::Car,Car::push_back
/home/labaccount/11-2-17/mlsa/IG/example/Visitor/Visitor.cpp,1,/home/labaccount/11-2-17/mlsa/IG/example/Visitor/Visitor.cpp,0x23211f8,MEMBER,Car::~Car,Car::begin
/home/labaccount/11-2-17/mlsa/IG/example/Visitor/Visitor.cpp,1,/home/labaccount/11-2-17/mlsa/IG/example/Visitor/Visitor.cpp,0x2325028,MEMBER,Car::~Car,Car::end
/home/labaccount/11-2-17/mlsa/IG/example/Visitor/Visitor.cpp,1,/home/labaccount/11-2-17/mlsa/IG/example/Visitor/Visitor.cpp,0x2327278,MEMBER,CarElementPrintVisitor::visit,Wheel::getName
/home/labaccount/11-2-17/mlsa/IG/example/Visitor/Visitor.cpp,1,/home/labaccount/11-2-17/mlsa/IG/example/Visitor/Visitor.cpp,0x232bda0,MEMBER,CarElementPrintVisitor::visitCar,Car::getElements
/home/labaccount/11-2-17/mlsa/IG/example/Visitor/Visitor.cpp,1,/home/labaccount/11-2-17/mlsa/IG/example/Visitor/Visitor.cpp,0x232c100,MEMBER,CarElementPrintVisitor::visitCar,OBJ.begin
/home/labaccount/11-2-17/mlsa/IG/example/Visitor/Visitor.cpp,1,/home/labaccount/11-2-17/mlsa/IG/example/Visitor/Visitor.cpp,0x232c320,MEMBER,CarElementPrintVisitor::visitCar,OBJ.end
/home/labaccount/11-2-17/mlsa/IG/example/Visitor/Visitor.cpp,1,/home/labaccount/11-2-17/mlsa/IG/example/Visitor/Visitor.cpp,0x232c9d0,MEMBER,CarElementPrintVisitor::visitCar,CarElement::accept,UNOP
/home/labaccount/11-2-17/mlsa/IG/example/Visitor/Visitor.cpp,1,/home/labaccount/11-2-17/mlsa/IG/example/Visitor/Visitor.cpp,0x232e780,MEMBER,CarElementDoVisitor::visit,Wheel::getName
/home/labaccount/11-2-17/mlsa/IG/example/Visitor/Visitor.cpp,1,/home/labaccount/11-2-17/mlsa/IG/example/Visitor/Visitor.cpp,0x2333130,MEMBER,CarElementDoVisitor::visitCar,Car::getElements
/home/labaccount/11-2-17/mlsa/IG/example/Visitor/Visitor.cpp,1,/home/labaccount/11-2-17/mlsa/IG/example/Visitor/Visitor.cpp,0x2333490,MEMBER,CarElementDoVisitor::visitCar,OBJ.begin
/home/labaccount/11-2-17/mlsa/IG/example/Visitor/Visitor.cpp,1,/home/labaccount/11-2-17/mlsa/IG/example/Visitor/Visitor.cpp,0x23336b0,MEMBER,CarElementDoVisitor::visitCar,OBJ.end
/home/labaccount/11-2-17/mlsa/IG/example/Visitor/Visitor.cpp,1,/home/labaccount/11-2-17/mlsa/IG/example/Visitor/Visitor.cpp,0x2333d60,MEMBER,CarElementDoVisitor::visitCar,CarElement::accept,UNOP
/home/labaccount/11-2-17/mlsa/IG/example/Visitor/Visitor.cpp,1,/home/labaccount/11-2-17/mlsa/IG/example/Visitor/Visitor.cpp,0x2335b48,MEMBER,/home/labaccount/11-2-17/mlsa/IG/example/Visitor/Visitor.cpp,CarElementPrintVisitor::visitCar,car
/home/labaccount/11-2-17/mlsa/IG/example/Visitor/Visitor.cpp,1,/home/labaccount/11-2-17/mlsa/IG/example/Visitor/Visitor.cpp,0x2335c18,MEMBER,/home/labaccount/11-2-17/mlsa/IG/example/Visitor/Visitor.cpp,CarElementDoVisitor::visitCar,car
