0x231b340,MEMBER,Wheel::accept,CarElementVisitor::visit,UNOP
0x231bb08,MEMBER,Engine::accept,CarElementVisitor::visit,UNOP
0x231c2a8,MEMBER,Body::accept,CarElementVisitor::visit,UNOP
0x1c3d908,MEMBER,Car::Car,OBJ.push_back,<< front left >>
0x1c3dc00,MEMBER,Car::Car,OBJ.push_back,<< front right >>
0x231ffd0,MEMBER,Car::Car,OBJ.push_back,<< back left >>
0x2320298,MEMBER,Car::Car,OBJ.push_back,<< back right >>
0x2320858,MEMBER,Car::Car,OBJ.push_back
0x2320df8,MEMBER,Car::Car,OBJ.push_back
0x23211f8,MEMBER,Car::~Car,OBJ.begin
0x2325028,MEMBER,Car::~Car,OBJ.end
0x2327278,MEMBER,CarElementPrintVisitor::visit,Wheel::getName
0x232bda0,MEMBER,CarElementPrintVisitor::visitCar,Car::getElements
0x232c100,MEMBER,CarElementPrintVisitor::visitCar,OBJ.begin
0x232c320,MEMBER,CarElementPrintVisitor::visitCar,OBJ.end
0x232c9d0,MEMBER,CarElementPrintVisitor::visitCar,CarElement::accept,UNOP
0x232e780,MEMBER,CarElementDoVisitor::visit,Wheel::getName
0x2333130,MEMBER,CarElementDoVisitor::visitCar,Car::getElements
0x2333490,MEMBER,CarElementDoVisitor::visitCar,OBJ.begin
0x23336b0,MEMBER,CarElementDoVisitor::visitCar,OBJ.end
0x2333d60,MEMBER,CarElementDoVisitor::visitCar,CarElement::accept,UNOP
0x2335b48,MEMBER,/home/labaccount/11-2-17/mlsa/IG/example/Visitor/Visitor.cpp,CarElementPrintVisitor::visitCar,car
0x2335c18,MEMBER,/home/labaccount/11-2-17/mlsa/IG/example/Visitor/Visitor.cpp,CarElementDoVisitor::visitCar,car
