0x1d30d38,MEMBER,Graph::addEdge,OBJ.push_back,w
0x1d318c0,MEMBER,Graph::isReachable,OBJ.push_back,s
0x1d33280,MEMBER,Graph::isReachable,std::__cxx11::list::empty
0x1d33408,MEMBER,Graph::isReachable,OBJ.front
0x1d334d0,MEMBER,Graph::isReachable,OBJ.pop_front
0x1d33698,MEMBER,Graph::isReachable,OBJ.begin
0x1d33dd8,MEMBER,Graph::isReachable,OBJ.end
0x1d348b8,MEMBER,Graph::isReachable,OBJ.push_back,i
0x1d34d50,MEMBER,/home/labaccount/11-2-17/mlsa/IG/example/PathBetweenNodes/PathBetweenNodes.cpp,Graph::addEdge,0,1
0x1d34e28,MEMBER,/home/labaccount/11-2-17/mlsa/IG/example/PathBetweenNodes/PathBetweenNodes.cpp,Graph::addEdge,0,2
0x1d34f00,MEMBER,/home/labaccount/11-2-17/mlsa/IG/example/PathBetweenNodes/PathBetweenNodes.cpp,Graph::addEdge,1,2
0x1d34fd8,MEMBER,/home/labaccount/11-2-17/mlsa/IG/example/PathBetweenNodes/PathBetweenNodes.cpp,Graph::addEdge,2,0
0x1d350b0,MEMBER,/home/labaccount/11-2-17/mlsa/IG/example/PathBetweenNodes/PathBetweenNodes.cpp,Graph::addEdge,2,3
0x1d35188,MEMBER,/home/labaccount/11-2-17/mlsa/IG/example/PathBetweenNodes/PathBetweenNodes.cpp,Graph::addEdge,3,3
0x1d36210,MEMBER,/home/labaccount/11-2-17/mlsa/IG/example/PathBetweenNodes/PathBetweenNodes.cpp,Graph::isReachable,u,v
0x1d38b40,MEMBER,/home/labaccount/11-2-17/mlsa/IG/example/PathBetweenNodes/PathBetweenNodes.cpp,Graph::isReachable,u,v
