0x39aac88,MEMBER,BinomialHeap::BinomialHeap,BinomialHeap::Initializeheap
0x39aad78,MEMBER,BinomialHeap::BinomialHeap,BinomialHeap::Initializeheap
0x39ac2f0,MEMBER,BinomialHeap::Insert,BinomialHeap::Initializeheap
0x39ac7b8,MEMBER,BinomialHeap::Insert,BinomialHeap::Union,H,H1
0x39acbd0,MEMBER,BinomialHeap::Union,BinomialHeap::Initializeheap
0x39accd8,MEMBER,BinomialHeap::Union,BinomialHeap::Merge,H1,H2
0x39adba0,MEMBER,BinomialHeap::Union,BinomialHeap::Binomial_link,next_x,x
0x39adf08,MEMBER,BinomialHeap::Union,BinomialHeap::Binomial_link,x,next_x
0x39ae578,MEMBER,BinomialHeap::Merge,BinomialHeap::Initializeheap
0x39b5918,MEMBER,BinomialHeap::Extract_Min,BinomialHeap::Revert_list,x.child
0x39b5c10,MEMBER,BinomialHeap::Extract_Min,BinomialHeap::Union,H1
0x39b60b0,MEMBER,BinomialHeap::Revert_list,BinomialHeap::Revert_list,y.sibling
0x39b6c28,MEMBER,BinomialHeap::Search,BinomialHeap::Search,x.child,k
0x39b6fa8,MEMBER,BinomialHeap::Search,BinomialHeap::Search,x.sibling,k
0x39b7688,MEMBER,BinomialHeap::Decrease_key,BinomialHeap::Search,H,i
0x39bb728,MEMBER,BinomialHeap::Delete,BinomialHeap::Decrease_key,H,k,UNOP
0x39bb838,MEMBER,BinomialHeap::Delete,BinomialHeap::Extract_Min,H
0x39bcee8,MEMBER,/home/labaccount/11-2-17/mlsa/IG/example/BinomialHeap/BinomialHeap.cpp,BinomialHeap::Initializeheap
0x39c6440,MEMBER,/home/labaccount/11-2-17/mlsa/IG/example/BinomialHeap/BinomialHeap.cpp,BinomialHeap::Create_node,m
0x39c6588,MEMBER,/home/labaccount/11-2-17/mlsa/IG/example/BinomialHeap/BinomialHeap.cpp,BinomialHeap::Insert,H,p
0x39c6728,MEMBER,/home/labaccount/11-2-17/mlsa/IG/example/BinomialHeap/BinomialHeap.cpp,BinomialHeap::Extract_Min,H
0x39c9c70,MEMBER,/home/labaccount/11-2-17/mlsa/IG/example/BinomialHeap/BinomialHeap.cpp,BinomialHeap::Decrease_key,H,m,l
0x39ca6e0,MEMBER,/home/labaccount/11-2-17/mlsa/IG/example/BinomialHeap/BinomialHeap.cpp,BinomialHeap::Delete,H,m
0x39cb660,MEMBER,/home/labaccount/11-2-17/mlsa/IG/example/BinomialHeap/BinomialHeap.cpp,BinomialHeap::Display,H
0x39cb820,GLOBAL,/home/labaccount/11-2-17/mlsa/IG/example/BinomialHeap/BinomialHeap.cpp,exit,1
